nombre,chat
Predator , such a cute boi, why so negative
Victim , live sucks
Predator , so do lots of things kid, dont let it get YOU down
Victim , i hate ny and being poor and gay
Predator , sorry life suckss, but get over it
Victim , if i got a rich dad i be happy
Predator , reely, i can make YOu reel happy boi
Victim , how?
Predator , taking YOu into my life and makeing YOU my little fagboi and make YOU adore me and my needs
Victim , ur profi says ur a boy scot dude they not rich
Predator , yeah but i have plenty from an inheritance boi
Victim , u really a boy scot?
Victim , ?
Predator , yes, of course i am
Victim , thats so gay
Predator , why, you should see some of those bois naked bodies, waht a turn on ,,its hard to not want them
Victim , they dont got hair
Predator , well most dont, and there the ons i like to 
Victim , i like big cocks
Predator , im into looking at my bois asses
Victim , <--- i got hair when i was 
Predator , wow relly
Victim , where u frum?
Predator , long islnad
Victim , daym ur close
Predator , but i only like young bois
Victim , i no lots of dudes younger then me
Victim , u there?
Victim , where u go?
Predator , wetting up a meeting with rickyboi
Victim , huh?
Predator , sorry timing is everything
Victim , y u say that?
Predator , casue i wanted YOU fisrst
Victim , im still here
Predator , yeah, but ricky is already waiting for me
Victim , how old he?
Predator , and he doesnt even know waht i want, he was so horny he gaveme his adress
Predator , 
Victim , im 
Predator , i bet YOU have a reel smooth fag ass, i sure would love to tear it UP
Victim , i do what u say
Victim , u buy me stuff rite?
Predator , for reel, i like that in a boi
Predator , sure kid
Victim , <----josh
Predator , do U meet off line with older guys, i wont hurt YOU
Victim , i met 
Victim , but they lie that not rich
Predator , kewl, let me see if ricky is still up to meet, if not ill get back to YOU
Victim , please
Victim , i swear im good
Predator , i know YOU are boi, but ricki still wants to meet me at  sorry
Victim , can i call u
Predator , why,
Victim , cuz if i call u like me i swear
Victim , u really rich?
Predator , i guess, i reely dont thonk about money
Victim , that cuz u got it
Victim , i dont
Predator , sorry, but i will rewward YOU if YOUbecome my little sex boi, but YOu must ne descreeet
Victim , i promise
Victim , where dumb azz ricki live?
Predator , in queens, off souther state
Victim , im in queens 
Predator , where, i can spin by if riccki is a no show
Victim , y dont we all do it
Predator , i like to work  alone kid
Victim , but i run away and u get me all the time
Predator , ok ok, i cant resist a boi who wants it
Victim , can i call u?
Predator , why do YOU want to be phone fucked boi?
Victim , if u want
Predator , i like to rape my bois for REAL
Victim , i swear i do what u say
Predator , what if i tell YOU i want to put a rope around YOUR neck as i fuck YOu in YOUR sweet ass, and hear YOU beg not to die
Victim , u buy me stuff?
Predator , yes i will dont worry
Victim , k
Predator , YOu dont mind that i love rought sex with my bois
Victim , no i do what u say
Predator , NY
Victim , huh?
Predator , YOU live in NY
Victim , queens
Victim , i says
Predator , well were exactly boi
Victim , th ave
Predator , how about  ish boi
Predator , i have a green  honda, waht corner
Victim , can i call u so i know ur not freak?
Predator , i am sort of a freak kid, i love to fuck yng bois and hurt them to see if they want more
Victim , no i gotta rule i dont meet off line with not talkin first cuz lots of peeps out there what to kill fags
Predator , i might be one of them boi, but YOu will have great anal sex if YOU take the chance boi
Victim , just let me call u now
Victim , then i b ok
Predator , ok boi    
Victim , whatz ur name?
Predator , david franks
Victim , what i say?
Predator , sorry i just feel that YOu can have ahappy life, just dont do anything stupid, lie YOu siad ther are lots of sicko out ther kid, so becareful
Victim , no i swear i do what u say
Victim , u said u buy me stuff
Predator , but kid, i want YOu to be happy too, so tread carefully itd dangerous out three boi
Victim , u said u make me happy
Victim , what i say wrong?
Victim , please
Predator , nothin, i dont want to hurt YOU
Victim , hurt me how
Victim , i dont get it
Predator , well , never mind, i just dont want to ,ok
Victim , u like that dumb azz ricki better?
Predator , oh no infact the opposite kid, i dont give a fuck about him
Victim , so y cant we meet
Victim , i dont get it
Victim , please tell me what i did
Victim , i swear i do what u say plesae
Victim , what i do?
Victim , y u being mean now?
Victim , what i say
Victim , please talk
Predator , ok ok, but what do YOU want me to do?
Victim , make me happy like u says u will
Victim , i will do what u say
Predator , but i dont think i can rely nmake U happy, i can only hurt YOU boi
Victim , how u hurt me?
Victim , i dont get it
Victim , like make me sad?
Victim , ?
Victim , tell me i dont get it
Predator , id rape YOU if i ever got YOu alone kid, its what i like to do to bois like YOu, so better U dont email, i like YOU
Victim , i can play rape if u buy me stuff i swear
Predator , why do YOU say that YOU are not liked, i liked YOu almost immediately boi. YOU will do fine , go make some friends
Victim , i like u  so i dont get it
Predator , well kid, it s like this, im a perv and i like to find vulnarable bois like YOU
Victim , i dont get it
Predator , well ,dont worry about it just be thankfull i like YOu and hope YOu find happiness
Victim , i dont get it like u would kill me?
Predator , well , it happens boi
Victim , huh?
Predator , what YOU think , this world is safe and innocent boi, wake up read thepapers
Victim , u kill peeps?
Victim , i dont get it
Predator , internet is too porous, but i have .....
Victim , y u are nice i dont get it
Victim , i like u
Predator , yeah im reel nice, ive dont long time and i hate the world, how can i be nice kid??
Victim , huh?
Predator , just dont obsesse with guys, get out and find a nce girl and forget YOU ever herd from me
Victim , i dont like girls
Victim , i like u
Predator , try, there gentle and lovable and can help YOu when depressed boi
Victim , like u hate every thin and i do  so maybe we will love each other
Predator , silly U boi, i dont fuck for love , i enjoy seeing the fright in my bois face when im putting my hands around his thin neck as i molest him
Predator , im a reel nice guy , huh?
Victim , i no i can make u happy
Victim , i want  die 
Victim , but if ur my dad i b happy
Victim , get it
Predator , YOUR not making sence, why do YOu want to die boi? your young and a whole life in front of YOu silly
Victim , cuz no one loves me
Predator , i do boi, i do in just two minutes, so you must be lovable ok,
Victim , so y not we be gether
Victim , i no lots of bois u can luk at
Victim , i can help u get them
Predator , YOUR such a cute little boi, if i didnt like YOu id take advantage of YOu and YOUR nieve life boi
Victim , y u doing this?
Victim , i u playin me?
Predator , oh no i am not, i just think YOUR differenrt than most bois i meet
Victim , y?
Predator , dont know , maybe YOUR voice, may be YOUR cute little body, i dont know
Victim , u really kill peeps?
Predator , i reely cant talk here but some times things do get out of hand, in fact this one time this boi tried to bite my cock to get away, i had to strangel him
Victim , that sounds kinda fun
Victim , i dream bout killin kids in my school that mean to me
Predator , it wasa cheep thrill if YOu must know, but i sort of felt bad casue he was a very lonely boi and he wanted it i think
Predator , why they mean to YOU boi
Victim , cuz im gay
Predator , oh so are lots of them bois YOU look at
Victim , i killed a cat when i was  it was kinda fun
Predator , how did u kill it kid
Victim , i smashed it in the alley with a base ball bat
Predator , wow, i bet it was a screamer
Victim , i think i got it on the second hit but once i started it was fun and i kept goin
Predator , hope YOU dont like it too much boi thats how my sickness started boi, i first would mutalate animals
Victim , c we are same
Predator , but i dont want U to be like me boi
Predator , lots og guilt , lots of lonelyness
Victim , we have fun
Victim , i swear i do what u say
Predator , ok ok boi , your hopeless
Victim , what u mean?
Predator , i give up, ill meet YOU if YOU reely want to
Victim , what we do?
Predator , i hope YOU like haveing a cock up YOU hole boi ,i like to fill my bos faghole with cum all day even if i have to tie YOU up and fuck you  hours, i need to see my cum lesaking out YOUR ass
Victim , then we go shopping?
Predator , sure, then to a motel boi
Victim , i like u
Predator , but YOu must be so descreet, dont mention me to anyone boi
Victim , i promise
Victim , but i thought i can live with u
Victim , y hotel?
Victim , ?
Victim , u there?
Predator , oops got booted, i dont want to live with anyone boi, but i will teach YOU an be YOUR mentor if YOU like boi, then maybe if YOU are not a jerk may be YOU can move in with me, if YOUR still want to
Victim , i really like u
Predator , ok but dont think ill let YOU fuck me, ill do all the fucking boi
Victim , i like to kiss lots
Predator , well lets take it slow boi, i prefer to be in control and i like to fuck without condoms boi
Victim , i do what u say if you love me
Predator , ill be very demanding boi, andi dont want to hear YOu complain
Victim , i swear i wont
Predator , if i tell YOU drink my piss in the morning i dont want to hear you bitch boi
Victim , i wont i swear
Victim , hi
Predator , oh hi again boi
Victim , my mom got home so i had  tno use the fone
Predator , oh , i understand boi,
Predator , mom doesn nU like to have your fag hole fucked
Victim , u meet riccki
Predator , yup ,
Victim , y not me
Predator , i want both YOu and ricci, but i surw would not turn YOu doen boi
Victim , huh?
Predator , i would love to be naked wirh YOu and have your as spread and readuy for my mancock
Victim , i do what u say
Predator , i know U will boi, i love bois like U that dont resist having there ass filled with my cock
Victim , did u kill him>?
Predator , no i just scard him , bu tif he wanted it die i woulds have been happy
Victim , i want to kill him
Predator , but why boi
Victim , cuz u did hi \ not me
Predator , but he loved near by , u dont
Victim , ?
Predator , he lived near me silly U
Victim , im in queens
Victim , lets cut him up
Predator , oh , i forgot
Predator , ok, bu ti get to save his cock and nuts boi
Victim , huh
Predator , i get to keep his cock boi
Victim , if we cut him up
Predator , yeah, but why do U want to get involved
Victim , cuz if i do u love me
Predator , i sure will boi
Victim , and i have fun
Predator , boi, i reely dont think U can handle it
Victim , no u show me
Predator , id reely like to boi
Victim , i saw a dog today and want to beat it
Predator , kewl, why did u want to beat it boi,
Victim , i want to smash its head
Predator , boi you remind me too much of me
Victim , like blood and guts and shyt
Predator , me too, i love ot see a boi 's face as im about to put my hands around his neck and face fuck him
Victim , i dont do that is it hard
Predator , i no boi, but YOu will one day, i pro
Victim , i just want u  like me
Predator , but i do boi, i sure do, and one day may be we can be invovled in some rape murder together boi
Victim , how we do that
Predator , ill get us a fag boi who has no reel family and we can have some fun with him
Victim , what we do?
Predator , well mutalate him but before we do well stick your cocks into him we can even cut his nuts off and stick our cocks into him were his nuts use to be, i love the feweling of my cock with blodd on it and i reely love the feeling of my cock inside a boys body cavity that i cut open
Victim , i never done that
Predator , well one day u will if i no u, YOUR a lot like me wheni was a boi
Victim , i gotta go
Predator , k bye boi
Victim , where u been?
Predator , sorry been so busy
Victim , i try  send email and it says ur not member then ur profi is gone
Victim , so i call and it sayz to check number
Predator , i was out of town so i shut off my screennames
Victim , ur fone dont work 
Predator , i was in the mountains of NH it didnt work
Victim , o i thot it like mine prepay so if u dont pay it dont work
Predator , nope, it was in the mountaism boi,
Predator , but i was thinking of YOu so much
Victim , me  i killed nuther cat
Predator , why boi. ?
Victim , i wanted 
Predator , did it make YOU hard boi?
Victim , it made me like feel like i oculd do all
Victim , like i was big
Predator , boi, YOU make me so hard, i would reely just love to met and fuck boi
Predator , id be very abusive and rought if that is waht my boi likes
Victim , why u go to mountains?
Predator , vacation ...sort of...
Victim , what that mean
Predator , nothing boi, dont worry about it, i just am glad YOU emialed me again
Victim , i want to put the cat in the microwave but was scared
Predator , what the heck, its a useless creature anyway
Victim , no but what if i culn't get it all out
Predator , yeah, i guess it would be sort of a mess
Victim , no so i took ruber bands with a zip bag over his head and watched him freak and die it was funny
Predator , i bet he squermed reel good boi
Victim , lots and hit walls and i kicked him round
Victim , brb
Predator , its like tthe bois whose cock i grabbed and twisted and tossed thois boi against a tree once
Victim , srry
Predator , its ok boi,
Victim , i had to poop
Predator , oh i hope everything came out okay boi
Victim , all good
Victim , lol
Victim , i dont get what u said bout the tree
Predator , i ssaid i once smacked this bois head against a tree when he wanted to stop
Victim , did he cry
Predator , yes
Victim , lol
Victim , did u kill him
Predator , oh no, but i should have
Victim , i hate cry babys
Predator , me too, but waht can U do/ most bois cry
Victim , i dont
Predator , reely. id make YOU cry boi
Victim , nope i dont
Predator , even if i tied U spread eagle to a tree and stuck and stabbed YOUR nuts with a stick
Victim , nope
Victim , im bad
Victim , u ever cut sum up i wanted  cut the cat up but dont no how
Predator , well sort of , i did slice this bois nut sac after he bit me
Victim , he dead
Predator , oh no, just wanted to let him know that i wanted my cock sucked, he was only poked , it hardly broke the skin
Victim , so u lied u never really killed no ?
Victim , ?
Predator , oh yeah, i did but i reely cant talk about it here silly boi
Victim , y not?
Victim , i tell u bout the cat
Victim , i want  no how to do it
Predator , but i reely dont like to beside s it was a while a go
Victim , u says u do
Predator , thanks boi
Victim , huh?
Predator , ok ok, i did but he was never found and i would like it to stay that way boi
Victim , thats hot
Victim , its like the catz
Victim , i just put them in bag and in the dumpster
Predator , it can be a trun on
Victim , u like cut him up
Predator , sort of, but waht i did was made sure he had no id , and i made sure he was pretty much disbursted
Victim , huh?
Victim , whats that mean
Predator , i drove around all nite and distributed body parts to every corner of the state
Victim , o
Victim , thats kewl
Victim , i wanna keep the dick
Predator , yeah ok. well see, but i sure get turned on by wanting to see YOU naked and see how good a fuck YOU are boi
Victim , im finnneeeee
Predator , i bet YOU are boi,
Victim , shyt i gotta go im gotta b at tonyz at - to eat cuz my mas a crack whore and we got no food
Predator , have fun boi
Victim , u gotta nuther number i can call u nite the one u give me keeps sayin try the number gain
Victim , like itz disco'd
Predator ,     is my only # boi, wouild love to fuck U later too
Victim , k i call laytar
Predator , yes boi, but be ready to be roughted up boi
